{
  "accuracy": 0.7401258945465088,
  "top_5_accuracy": 0.9791666865348816,
  "validation_loss": 1.0031342506408691,
  "steps_per_second": 4.42455281217584
}